{ 
    "_id" : "Female", 
    "avgHeight" : 166.3082233502538, 
    "avgWeight" : 69.62395939086295
}
{ 
    "_id" : "Male", 
    "avgHeight" : 166.24994952554007, 
    "avgWeight" : 69.52150211992732
}
